IMAGE NAME,URL,KEYWORD
athuri.jpg,http://206.189.207.206/pictures/mutall_chama_logo/athuri.jpg,mutall_chama_logo
babanamama.jpg,http://206.189.207.206/pictures/mutall_chama_logo/babanamama.jpg,mutall_chama_logo
dreamchasers.jpg,http://206.189.207.206/pictures/mutall_chama_logo/dreamchasers.jpg,mutall_chama_logo
fleet.jpg,http://206.189.207.206/pictures/mutall_chama_logo/fleet.jpg,mutall_chama_logo
pioneers.jpg,http://206.189.207.206/pictures/mutall_chama_logo/pioneers.jpg,mutall_chama_logo
selfhelp.jpg,http://206.189.207.206/pictures/mutall_chama_logo/selfhelp.jpg,mutall_chama_logo
threegates.jpg,http://206.189.207.206/pictures/mutall_chama_logo/threegates.jpg,mutall_chama_logo
tuunganewomen.jpg,http://206.189.207.206/pictures/mutall_chama_logo/tuunganewomen.jpg,mutall_chama_logo
vuvuzela.jpg,http://206.189.207.206/pictures/mutall_chama_logo/vuvuzela.jpg,mutall_chama_logo
wonderfulkids.jpg,http://206.189.207.206/pictures/mutall_chama_logo/wonderfulkids.jpg,mutall_chama_logo
wonderjoy.jpg,http://206.189.207.206/pictures/mutall_chama_logo/wonderjoy.jpg,mutall_chama_logo
youngM.jpg,http://206.189.207.206/pictures/mutall_chama_logo/youngM.jpg,mutall_chama_logo
4 cousins.jpg,http://206.189.207.206/pictures/chic joint/pombe/4 cousins.jpg,chic_joint_pombe
alvaro.jpg,http://206.189.207.206/pictures/chic joint/pombe/alvaro.jpg,chic_joint_pombe
alvaro2.jpg,http://206.189.207.206/pictures/chic joint/pombe/alvaro2.jpg,chic_joint_pombe
amarula.jpg,http://206.189.207.206/pictures/chic joint/pombe/amarula.jpg,chic_joint_pombe
balozi.jpg,http://206.189.207.206/pictures/chic joint/pombe/balozi.jpg,chic_joint_pombe
balozi2.jpg,http://206.189.207.206/pictures/chic joint/pombe/balozi2.jpg,chic_joint_pombe
baron white.jpg,http://206.189.207.206/pictures/chic joint/pombe/baron white.jpg,chic_joint_pombe
best whissky.jpg,http://206.189.207.206/pictures/chic joint/pombe/best whissky.jpg,chic_joint_pombe
black label.jpg,http://206.189.207.206/pictures/chic joint/pombe/black label.jpg,chic_joint_pombe
black label2.jpg,http://206.189.207.206/pictures/chic joint/pombe/black label2.jpg,chic_joint_pombe
blac label.jpg,http://206.189.207.206/pictures/chic joint/pombe/blac label.jpg,chic_joint_pombe
camino.jpg,http://206.189.207.206/pictures/chic joint/pombe/camino.jpg,chic_joint_pombe
cape wine.jpg,http://206.189.207.206/pictures/chic joint/pombe/cape wine 2.jpg,chic_joint_pombe
cape wine 2.jpg,http://206.189.207.206/pictures/chic joint/pombe/cape wine.jpg,chic_joint_pombe
caprice.jpg,http://206.189.207.206/pictures/chic joint/pombe/caprice.jpg,chic_joint_pombe
captain morgan.jpg,http://206.189.207.206/pictures/chic joint/pombe/captain morgan.jpg,chic_joint_pombe
cards.jpg,http://206.189.207.206/pictures/chic joint/pombe/cards.jpg,chic_joint_pombe
carvoisier.jpg,http://206.189.207.206/pictures/chic joint/pombe/carvoisier.jpg,chic_joint_pombe
cellar bottles.jpg,http://206.189.207.206/pictures/chic joint/pombe/cellar bottles.jpg,chic_joint_pombe
cellar red.jpg,http://206.189.207.206/pictures/chic joint/pombe/cellar red.jpg,chic_joint_pombe
cellar whites.jpg,http://206.189.207.206/pictures/chic joint/pombe/cellar whites.jpg,chic_joint_pombe
chamdor.jpg,http://206.189.207.206/pictures/chic joint/pombe/chamdor.jpg,chic_joint_pombe
chivas.jpg,http://206.189.207.206/pictures/chic joint/pombe/chivas.jpg,chic_joint_pombe
coke zero.jpg,http://206.189.207.206/pictures/chic joint/pombe/coke zero.jpg,chic_joint_pombe
county.jpg,http://206.189.207.206/pictures/chic joint/pombe/county.jpg,chic_joint_pombe
delmonte.png,http://206.189.207.206/pictures/chic joint/pombe/delmonte.png,chic_joint_pombe
drosty hof.jpg,http://206.189.207.206/pictures/chic joint/pombe/drosty hof.jpg,chic_joint_pombe
dry wine.jpg,http://206.189.207.206/pictures/chic joint/pombe/dry wine.jpg,chic_joint_pombe
dunhill.jpg,http://206.189.207.206/pictures/chic joint/pombe/dunhill.jpg,chic_joint_pombe
embassy cigaretts.jpg,http://206.189.207.206/pictures/chic joint/pombe/embassy cigaretts.jpg,chic_joint_pombe
famous.jpg,http://206.189.207.206/pictures/chic joint/pombe/famous.jpg,chic_joint_pombe
famous groude.jpg,http://206.189.207.206/pictures/chic joint/pombe/famous groude.jpg,chic_joint_pombe
gilbeys.jpg,http://206.189.207.206/pictures/chic joint/pombe/gilbeys.jpg,chic_joint_pombe
gilbeys2.jpg,http://206.189.207.206/pictures/chic joint/pombe/gilbeys2.jpg,chic_joint_pombe
glenfidich.jpg,http://206.189.207.206/pictures/chic joint/pombe/glenfidich.jpg,chic_joint_pombe
gordons.jpg,http://206.189.207.206/pictures/chic joint/pombe/gordons.jpg,chic_joint_pombe
grants.jpg,http://206.189.207.206/pictures/chic joint/pombe/grants.jpg,chic_joint_pombe
guines kubwa can.jpg,http://206.189.207.206/pictures/chic joint/pombe/guines kubwa can.jpg,chic_joint_pombe
guiness black.jpg,http://206.189.207.206/pictures/chic joint/pombe/guiness black.jpg,chic_joint_pombe
guiness black kubwa.jpg,http://206.189.207.206/pictures/chic joint/pombe/guiness black kubwa.jpg,chic_joint_pombe
guinrss kubwa.jpg,http://206.189.207.206/pictures/chic joint/pombe/guinrss kubwa.jpg,chic_joint_pombe
heieken.jpg,http://206.189.207.206/pictures/chic joint/pombe/heieken.jpg,chic_joint_pombe
henneysy vsoop.jpg,http://206.189.207.206/pictures/chic joint/pombe/henneysy vsoop.jpg,chic_joint_pombe
horizon wine.jpg,http://206.189.207.206/pictures/chic joint/pombe/horizon wine.jpg,chic_joint_pombe
hunters.jpg,http://206.189.207.206/pictures/chic joint/pombe/hunters.jpg,chic_joint_pombe
jack daniels.jpg,http://206.189.207.206/pictures/chic joint/pombe/jack daniels.jpg,chic_joint_pombe
jameson.jpg,http://206.189.207.206/pictures/chic joint/pombe/jameson.jpg,chic_joint_pombe
j&b.jpg,http://206.189.207.206/pictures/chic joint/pombe/j%26b.jpg,chic_joint_pombe
jegermister.jpg,http://206.189.207.206/pictures/chic joint/pombe/jegermister.jpg,chic_joint_pombe
johnnie walker.jpg,http://206.189.207.206/pictures/chic joint/pombe/johnnie walker.jpg,chic_joint_pombe
johnnie walker2.jpg,http://206.189.207.206/pictures/chic joint/pombe/johnnie walker2.jpg,chic_joint_pombe
kenya cane.jpg,http://206.189.207.206/pictures/chic joint/pombe/kenya cane.jpg,chic_joint_pombe
keringet 1.5l.jpg,http://206.189.207.206/pictures/chic joint/pombe/keringet 1.5l.jpg,chic_joint_pombe
keringet 1l.jpg,http://206.189.207.206/pictures/chic joint/pombe/keringet 1l.jpg,chic_joint_pombe
kibao.jpg,http://206.189.207.206/pictures/chic joint/pombe/kibao.jpg,chic_joint_pombe
kingfisher.jpg,http://206.189.207.206/pictures/chic joint/pombe/kingfisher.jpg,chic_joint_pombe
kwv brandy.jpg,http://206.189.207.206/pictures/chic joint/pombe/kwv brandy.jpg,chic_joint_pombe
kwv white.jpg,http://206.189.207.206/pictures/chic joint/pombe/kwv white.jpg,chic_joint_pombe
kwv white2.jpg,http://206.189.207.206/pictures/chic joint/pombe/kwv white2.jpg,chic_joint_pombe
lime juice.jpg,http://206.189.207.206/pictures/chic joint/pombe/lime juice.jpg,chic_joint_pombe
martel.jpg,http://206.189.207.206/pictures/chic joint/pombe/martel.jpg,chic_joint_pombe
matchbox.jpg,http://206.189.207.206/pictures/chic joint/pombe/matchbox.jpg,chic_joint_pombe
nederburg.jpg,http://206.189.207.206/pictures/chic joint/pombe/nederburg.jpg,chic_joint_pombe
panadol.jpg,http://206.189.207.206/pictures/chic joint/pombe/panadol.jpg,chic_joint_pombe
passport.jpg,http://206.189.207.206/pictures/chic joint/pombe/passport.jpg,chic_joint_pombe
penasol.jpg,http://206.189.207.206/pictures/chic joint/pombe/penasol.jpg,chic_joint_pombe
penasol bottle.jpg,http://206.189.207.206/pictures/chic joint/pombe/penasol bottle.jpg,chic_joint_pombe
pilsner.jpg,http://206.189.207.206/pictures/chic joint/pombe/pilsner.jpg,chic_joint_pombe
pilsner2.jpg,http://206.189.207.206/pictures/chic joint/pombe/pilsner2.jpg,chic_joint_pombe
popov.jpg,http://206.189.207.206/pictures/chic joint/pombe/popov.jpg,chic_joint_pombe
pushkin.jpg,http://206.189.207.206/pictures/chic joint/pombe/pushkin.jpg,chic_joint_pombe
redbull.jpg,http://206.189.207.206/pictures/chic joint/pombe/redbull.jpg,chic_joint_pombe
red horse.jpg,http://206.189.207.206/pictures/chic joint/pombe/red horse.jpg,chic_joint_pombe
redhorse.jpg,http://206.189.207.206/pictures/chic joint/pombe/redhorse.jpg,chic_joint_pombe
remy.jpg,http://206.189.207.206/pictures/chic joint/pombe/remy.jpg,chic_joint_pombe
remy martii.jpg,http://206.189.207.206/pictures/chic joint/pombe/remy martii.jpg,chic_joint_pombe
richot.jpg,http://206.189.207.206/pictures/chic joint/pombe/richot.jpg,chic_joint_pombe
richot2.jpg,http://206.189.207.206/pictures/chic joint/pombe/richot2.jpg,chic_joint_pombe
salama cond.jpg,http://206.189.207.206/pictures/chic joint/pombe/salama cond.jpg,chic_joint_pombe
single tons.jpg,http://206.189.207.206/pictures/chic joint/pombe/single tons.jpg,chic_joint_pombe
sm.jpg,http://206.189.207.206/pictures/chic joint/pombe/sm.jpg,chic_joint_pombe
sm ice grn.jpg,http://206.189.207.206/pictures/chic joint/pombe/sm ice grn.jpg,chic_joint_pombe
smirnoff ice black.jpg,http://206.189.207.206/pictures/chic joint/pombe/smirnoff ice black.jpg,chic_joint_pombe
smirnoff ice green.jpg,http://206.189.207.206/pictures/chic joint/pombe/smirnoff ice green.jpg,chic_joint_pombe
soda.jpg,http://206.189.207.206/pictures/chic joint/pombe/soda.jpg,chic_joint_pombe
sportman.jpg,http://206.189.207.206/pictures/chic joint/pombe/sportman.jpg,chic_joint_pombe
st.celine.jpg,http://206.189.207.206/pictures/chic joint/pombe/st.celine.jpg,chic_joint_pombe
summit lager.jpg,http://206.189.207.206/pictures/chic joint/pombe/summit lager.jpg,chic_joint_pombe
summit lger.jpg,http://206.189.207.206/pictures/chic joint/pombe/summit lger.jpg,chic_joint_pombe
tia maria.jpg,http://206.189.207.206/pictures/chic joint/pombe/tia maria.jpg,chic_joint_pombe
tubog.jpg,http://206.189.207.206/pictures/chic joint/pombe/tubog.jpg,chic_joint_pombe
tuskcid.jpg,http://206.189.207.206/pictures/chic joint/pombe/tuskcid.jpg,chic_joint_pombe
tusk cider can.jpg,http://206.189.207.206/pictures/chic joint/pombe/tusk cider can.jpg,chic_joint_pombe
tusker can.jpg,http://206.189.207.206/pictures/chic joint/pombe/tusker can.jpg,chic_joint_pombe
tusker cider can.jpg,http://206.189.207.206/pictures/chic joint/pombe/tusker cider can.jpg,chic_joint_pombe
tusker lite.jpg,http://206.189.207.206/pictures/chic joint/pombe/tusker lite.jpg,chic_joint_pombe
tusker lite2.jpg,http://206.189.207.206/pictures/chic joint/pombe/tusker lite2.jpg,chic_joint_pombe
tusker malt.jpg,http://206.189.207.206/pictures/chic joint/pombe/tusker malt.jpg,chic_joint_pombe
Tusker Malt.png,http://206.189.207.206/pictures/chic joint/pombe/Tusker Malt.png,chic_joint_pombe
Tusker Lager.png,http://206.189.207.206/pictures/chic joint/pombe/Tusker Lager.png,chic_joint_pombe
valley wine.jpg,http://206.189.207.206/pictures/chic joint/pombe/valley wine.jpg,chic_joint_pombe
vat 69.jpg,http://206.189.207.206/pictures/chic joint/pombe/vat 69.jpg,chic_joint_pombe
viceroy.jpg,http://206.189.207.206/pictures/chic joint/pombe/viceroy.jpg,chic_joint_pombe
viceroy2.jpg,http://206.189.207.206/pictures/chic joint/pombe/viceroy2.jpg,chic_joint_pombe
viceroy3.jpg,http://206.189.207.206/pictures/chic joint/pombe/viceroy3.jpg,chic_joint_pombe
vodka.jpg,http://206.189.207.206/pictures/chic joint/pombe/vodka.jpg,chic_joint_pombe
white cap.jpg,http://206.189.207.206/pictures/chic joint/pombe/white cap.jpg,chic_joint_pombe
white cap2.jpg,http://206.189.207.206/pictures/chic joint/pombe/white cap2.jpg,chic_joint_pombe
white cap lite.jpg,http://206.189.207.206/pictures/chic joint/pombe/white cap lite.jpg,chic_joint_pombe
williamlawson.jpg,http://206.189.207.206/pictures/chic joint/pombe/williamlawson.jpg,chic_joint_pombe
zappa red.jpg,http://206.189.207.206/pictures/chic joint/pombe/zappa red.jpg,chic_joint_pombe
zappa white.jpg,http://206.189.207.206/pictures/chic joint/pombe/zappa white.jpg,chic_joint_pombe
email_grey600_24dp.png,http://206.189.207.206/pictures/chic joint/pombe/rough rider_files/email_grey600_24dp.png,chic joint_pombe_rough rider files
fb_32x32.png,http://206.189.207.206/pictures/chic joint/pombe/rough rider_files/fb_32x32.png,chic joint_pombe_rough rider files
googlelogo_color_92x30dp.png,http://206.189.207.206/pictures/chic joint/pombe/rough rider_files/googlelogo_color_92x30dp.png,chic joint_pombe_rough rider files
twitter_32x32.png,http://206.189.207.206/pictures/chic joint/pombe/rough rider_files/twitter_32x32.png,chic joint_pombe_rough rider files
class1.png,http://206.189.207.206/pictures/class models/class1.png,class models
class2.png,http://206.189.207.206/pictures/class models/class2.png,class models
class3.png,http://206.189.207.206/pictures/class models/class3.png,class models
outlook.png,http://206.189.207.206/pictures/class models/outlook.png,class models
outlook2.png,http://206.189.207.206/pictures/class models/outlook2.png,class models
outlooklatest.png,http://206.189.207.206/pictures/class models/outlooklatest.png,class models
alice muthoni njenga.jpg,http://206.189.207.206/pictures/friends/alice muthoni njenga.jpg,friends
alice muthoni wangondu.jpg,http://206.189.207.206/pictures/friends/alice muthoni wangondu.jpg,friends
anastasia wamuyu githae.jpg,http://206.189.207.206/pictures/friends/anastasia wamuyu githae.jpg,friends
benjamin ndegwa.jpg,http://206.189.207.206/pictures/friends/benjamin ndegwa.jpg,friends
carol buluma.jpg,http://206.189.207.206/pictures/friends/carol buluma.jpg,friends
chicjoint.png,http://206.189.207.206/pictures/friends/chicjoint.png,friends
cyprian kanake.jpg,http://206.189.207.206/pictures/friends/cyprian kanake.jpg,friends
emily gondosio.jpg,http://206.189.207.206/pictures/friends/emily gondosio.jpg,friends
evelyne kemunto.jpg,http://206.189.207.206/pictures/friends/evelyne kemunto.jpg,friends
florence wariara.jpg,http://206.189.207.206/pictures/friends/florence wariara.jpg,friends
frank gachau.jpg,http://206.189.207.206/pictures/friends/frank gachau.jpg,friends
george githua.jpg,http://206.189.207.206/pictures/friends/george githui.jpg,friends
gerald murithi waiguchu.jpg,http://206.189.207.206/pictures/friends/gerald murithi waiguchu.jpg,friends
grace wamuyu.jpg,http://206.189.207.206/pictures/friends/grace wamuyu.jpg,friends
helen mwihaki gacheche.jpg,http://206.189.207.206/pictures/friends/helen mwihaki gacheche.jpg,friends
Isiah mutonyi.jfif,http://206.189.207.206/pictures/friends/Isiah mutonyi.jfif,friends
james gathuri.jpg,http://206.189.207.206/pictures/friends/james gathuri.jpg,friends
james njenga.jpg,http://206.189.207.206/pictures/friends/james njenga.jpg,friends
john gitu chege.jpg,http://206.189.207.206/pictures/friends/john gitu chege.jpg,friends
joseph n. gitonga.jpg,http://206.189.207.206/pictures/friends/joseph n. gitonga.jpg,friends
kimani nduruko.jpg,http://206.189.207.206/pictures/friends/kimani nduruko.jpg,friends
kimondo mutambuki.jpg,http://206.189.207.206/pictures/friends/kimondo mutambuki.jpg,friends
lucy ngendo nyachomba.jpg,http://206.189.207.206/pictures/friends/lucy ngendo nyachomba.jpg,friends
margaret wairimu kiragu.jpg,http://206.189.207.206/pictures/friends/margaret wairimu kiragu.jpg,friends
martin muchoki.jpg,http://206.189.207.206/pictures/friends/martin muchoki.jpg,friends
mary kihanya.jpg,http://206.189.207.206/pictures/friends/mary kihanya.jpg,friends
mbuthia gichuki.jpg,http://206.189.207.206/pictures/friends/mbuthia gichuki.jpg,friends
milton gatahi mwango.jpg,http://206.189.207.206/pictures/friends/milton gatahi mwango.jpg,friends
muchiri wachira.jpg,http://206.189.207.206/pictures/friends/muchiri wachira.jpg,friends
nderi muriithi.jpg,http://206.189.207.206/pictures/friends/nderi muriithi.jpg,friends
patrick gitonga.jpg,http://206.189.207.206/pictures/friends/patrick gitonga.jpg,friends
patrick wakori.jpg,http://206.189.207.206/pictures/friends/patrick wakori.jpg,friends
peter k. muraya.jpg,http://206.189.207.206/pictures/friends/peter k. muraya.jpg,friends
philomena sungu.jpg,http://206.189.207.206/pictures/friends/philomena sungu.jpg,friends
rachael gachiri.png,http://206.189.207.206/pictures/friends/rachael gachiri.png,friends
robert murimi.jpg,http://206.189.207.206/pictures/friends/robert murimi.jpg,friends
samuel itahanyu gitau.jpg,http://206.189.207.206/pictures/friends/samuel itahanyu gitau.jpg,friends
samuel k. maina.jpg,http://206.189.207.206/pictures/friends/samuel k. maina.jpg,friends
samuel machua.jpg,http://206.189.207.206/pictures/friends/samuel machua.jpg,friends
stephen kanyi.jpg,http://206.189.207.206/pictures/friends/stephen kanyi.jpg,friends
stephen njomo kanogo.jpg,http://206.189.207.206/pictures/friends/stephen njomo kanogo.jpg,friends
stephen saitoti kapaiko.jpg,http://206.189.207.206/pictures/friends/stephen saitoti kapaiko.jpg,friends
zachary k. muchangi.jfif,http://206.189.207.206/pictures/friends/zachary k. muchangi.jfif,friends
autogari.png,http://206.189.207.206/pictures/logo/autogari.png,logo
chickjoint.png,http://206.189.207.206/pictures/logo/chickjoint.png,logo
deekem.png,http://206.189.207.206/pictures/logo/deekem.png,logo
deekos3.png,http://206.189.207.206/pictures/logo/deekos3.png,logo
emma puann housing.png,http://206.189.207.206/pictures/logo/emma puann housing.png,logo
eureka.png,http://206.189.207.206/pictures/logo/eureka.png,logo
geocad.png,http://206.189.207.206/pictures/logo/geocad.png,logo
geocad2.png,http://206.189.207.206/pictures/logo/geocad2.png,logo
kashaga.png,http://206.189.207.206/pictures/logo/kashaga.png,logo
kekobat.png,http://206.189.207.206/pictures/logo/kekobat.png,logo
kinyoai.png,http://206.189.207.206/pictures/logo/kinyoai.png,logo
kulisha vyema.png,http://206.189.207.206/pictures/logo/kulisha vyema.png,logo
maa stea.png,http://206.189.207.206/pictures/logo/maa stea.png,logo
masabi ranch.png,http://206.189.207.206/pictures/logo/masabi ranch.png,logo
mountain top safaris logo.png,http://206.189.207.206/pictures/logo/mountain top safaris logo.png,logo
montaintop.png,http://206.189.207.206/pictures/logo/mountaintop.jpg,logo
mutall.jpg,http://206.189.207.206/pictures/logo/mutall.jpg,logo
mutall.png,http://206.189.207.206/pictures/logo/mutall.png,logo
naikuni.png,http://206.189.207.206/pictures/logo/naikuni.png,logo
naikuni2.png,http://206.189.207.206/pictures/logo/naikuni2.png,logo
oligilai2.png,http://206.189.207.206/pictures/logo/olgilai2.png,logo
oreteti.png,http://206.189.207.206/pictures/logo/oreteti.png,logo
plotec.png,http://206.189.207.206/pictures/logo/plotec.png,logo
sidai.png,http://206.189.207.206/pictures/logo/sidai.png,logo
chickjoint.png,http://206.189.207.206/pictures/logos raw/chickjoint.png,logos raw
deekem.bmp,http://206.189.207.206/pictures/logos raw/deekem.bmp,logos raw
deekos.bmp,http://206.189.207.206/pictures/logos raw/deekos.bmp,logos raw
deekos3.png,http://206.189.207.206/pictures/logos raw/deekos3.png,logos raw
emma puann housing.png,http://206.189.207.206/pictures/logos raw/emma puann housing.png,logos raw
eureka.png,http://206.189.207.206/pictures/logos raw/eureka.png,logos raw
geocad.png,http://206.189.207.206/pictures/logos raw/geocad.png,logos raw
geocad2.jpg,http://206.189.207.206/pictures/logos raw/geocad2.png,logos raw
karen direct.png,http://206.189.207.206/pictures/logos raw/karen direct.png,logos raw
kashaga.png,http://206.189.207.206/pictures/logos raw/kashaga.png,logos raw
kekobat.jpg,http://206.189.207.206/pictures/logos raw/kekobat.jpg,logos raw
kinyoai.jpg,http://206.189.207.206/pictures/logo/kinyoai.jpg,logos raw
kulisha vyema.png,http://206.189.207.206/pictures/logo/kulisha vyema.png,logos raw
masabi ranch.jpg,http://206.189.207.206/pictures/logo/masabi ranch.jpg,logos raw
mountain top safaris logo.png,http://206.189.207.206/pictures/logo/mountain top safaris logo.png,logos raw
mountaintop.jpg,http://206.189.207.206/pictures/logo/mountaintop.png,logos raw
mutall.jpg,http://206.189.207.206/pictures/logo/mutall.jpg,logos raw
naikuni.jpg,http://206.189.207.206/pictures/logo/naikuni.jpg,logos raw
naikuni2.png,http://206.189.207.206/pictures/logo/naikuni2.png,logos raw
olgilai.jpg,http://206.189.207.206/pictures/logo/olgilai.jpg,logos raw
olgilai2.png,http://206.189.207.206/pictures/logo/olgilai2.png,logos raw
oreteti.jpg,http://206.189.207.206/pictures/logo/oreteti.jpg,logos raw
ries kakuua.jpg,http://206.189.207.206/pictures/logos raw/ries kakuua.jpg,logos raw
sidai.jpg,http://206.189.207.206/pictures/logos raw/sidai.jpg,logos raw
Strategic-QuestionMark.jpg,http://206.189.207.206/pictures/lansan/Strategic-QuestionMark.jpg,lansan
SOA_BI_Business-Management-Consulting_900px_shutterstock_Joingate_51255796.jpg,http://206.189.207.206/pictures/lansan/SOA_BI_Business-Management-Consulting_900px_shutterstock_Joingate_51255796.jpg,lansan
The Top Three Management Consulting20Skills.jpg,http://206.189.207.206/pictures/lansan/The Top Three Management Consulting Skills.jpg,lansan
hr57-300x278.jpg,http://206.189.207.206/pictures/lansan/hr57-300x278.jpg,lansan
metodologia-innovacion-portada.jpg,http://206.189.207.206/pictures/lansan/metodologia-innovacion-portada.jpg,lansan
photodune-898971-strategy-xs.jpg,http://206.189.207.206/pictures/lansan/photodune-898971-strategy-xs.jpg,lansan
project-management-consulting.jpg,http://206.189.207.206/pictures/lansan/project-management-consulting.jpg,lansan
strategic-mgt-banner.jpg,http://206.189.207.206/pictures/lansan/strategic-mgt-banner.jpg,lansan
strategy.jpg,http://206.189.207.206/pictures/lansan/strategy.jpg,lansan
strategy.png,http://206.189.207.206/pictures/lansan/strategy.png,lansan
web banner 3.jpg,http://206.189.207.206/pictures/lansan/web banner 3.jpg,lansan
workplace-collaboration-960x576.jpg,http://206.189.207.206/pictures/lansan/workplace-collaboration-960x576.jpg,lansan
1.jpg,http://206.189.207.206/pictures/sokoto/1.jpg,sokoto
10.jpg,http://206.189.207.206/pictures/sokoto/10.jpg,sokoto
11.jpg,http://206.189.207.206/pictures/sokoto/11.jpg,sokoto
12.jpg,http://206.189.207.206/pictures/sokoto/12.jpg,sokoto
13.jpg,http://206.189.207.206/pictures/sokoto/13.jpg,sokoto
14.jpg,http://206.189.207.206/pictures/sokoto/14.jpg,sokoto
15.jpg,http://206.189.207.206/pictures/sokoto/15.jpg,sokoto
16.jpg,http://206.189.207.206/pictures/sokoto/16.jpg,sokoto
17.jpg,http://206.189.207.206/pictures/sokoto/17.jpg,sokoto
18.jpg,http://206.189.207.206/pictures/sokoto/18.jpg,sokoto
19.jpg,http://206.189.207.206/pictures/sokoto/19.jpg,sokoto
2.jpg,http://206.189.207.206/pictures/sokoto/2.jpg,sokoto
20.jpg,http://206.189.207.206/pictures/sokoto/20.jpg,sokoto
21.jpg,http://206.189.207.206/pictures/sokoto/21.jpg,sokoto
3.jpg,http://206.189.207.206/pictures/sokoto/3.jpg,sokoto
4.jpg,http://206.189.207.206/pictures/sokoto/4.jpg,sokoto
5.jpg,http://206.189.207.206/pictures/sokoto/5.jpg,sokoto
6.jpg,http://206.189.207.206/pictures/sokoto/6.jpg,sokoto
7.jpg,http://206.189.207.206/pictures/sokoto/7.jpg,sokoto
8.jpg,http://206.189.207.206/pictures/sokoto/8.jpg,sokoto
9.jpg,http://206.189.207.206/pictures/sokoto/9.jpg,sokoto
DSC04621.JPG,http://206.189.207.206/pictures/mutall/New folder/DSC04621.JPG,Mutall_New folder
DSC04622.JPG,http://206.189.207.206/pictures/mutall/New folder/DSC04622.JPG,Mutall_New folder
DSC04628.JPG,http://206.189.207.206/pictures/mutall/New folder/DSC04628.JPG,Mutall_New folder
DSC04629.JPG,http://206.189.207.206/pictures/mutall/New folder/DSC04629.JPG,Mutall_New folder
DSC04630.JPG,http://206.189.207.206/pictures/mutall/New folder/DSC04630.JPG,Mutall_New folder
DSC04631.JPG,http://206.189.207.206/pictures/mutall/New folder/DSC04631.JPG,Mutall_New folder
DSC04632.JPG,http://206.189.207.206/pictures/mutall/New folder/DSC04632.JPG,Mutall_New folder
DSC04668.JPG,http://206.189.207.206/pictures/mutall/New folder/DSC04668.JPG,Mutall_New folder
DSC04633.JPG,http://206.189.207.206/pictures/mutall/New folder/DSC04633.JPG,Mutall_New folder
DSCF2441.JPG,http://206.189.207.206/pictures/mutall/New folder/DSCF2441.JPG,Mutall_New folder
DSCF2442.JPG,http://206.189.207.206/pictures/mutall/New folder/DSCF2442.JPG,Mutall_New folder
DSCF2443.JPG,http://206.189.207.206/pictures/mutall/New folder/DSCF2443.JPG,Mutall_New folder
DSCF2444.JPG,http://206.189.207.206/pictures/mutall/New folder/DSCF2444.JPG,Mutall_New folder
DSCF2452.JPG,http://206.189.207.206/pictures/mutall/New folder/DSCF2452.JPG,Mutall_New folder
DSCF2453.JPG,http://206.189.207.206/pictures/mutall/New folder/DSCF2453.JPG,Mutall_New folder
DSCF2455.JPG,http://206.189.207.206/pictures/mutall/New folder/DSCF2455.JPG,Mutall_New folder
DSCF2716.JPG,http://206.189.207.206/pictures/mutall/New folder/DSCF2716.JPG,Mutall_New folder
DSCF2717.JPG,http://206.189.207.206/pictures/mutall/New folder/DSCF2717.JPG,Mutall_New folder
DSCF2718.JPG,http://206.189.207.206/pictures/mutall/New folder/DSCF2718.JPG,Mutall_New folder
DSCF2719.JPG,http://206.189.207.206/pictures/mutall/New folder/DSCF2719.JPG,Mutall_New folder
DSCF2720.JPG,http://206.189.207.206/pictures/mutall/New folder/DSCF2720.JPG,Mutall_New folder
DSCF2721.JPG,http://206.189.207.206/pictures/mutall/New folder/DSCF2721.JPG,Mutall_New folder
DSCF2722.JPG,http://206.189.207.206/pictures/mutall/New folder/DSCF2722.JPG,Mutall_New folder
DSCF2806.JPG,http://206.189.207.206/pictures/mutall/New folder (2)/DSCF2806.JPG,Mutall_New folder (2)
DSCF2807.JPG,http://206.189.207.206/pictures/mutall/New folder (2)/DSCF2807.JPG,Mutall_New folder (2)
DSCF2808.JPG,http://206.189.207.206/pictures/mutall/New folder (3)/DSCF2808.JPG,Mutall_New folder (3)
DSCF2809.JPG,http://206.189.207.206/pictures/mutall/New folder (3)/DSCF2809.JPG,Mutall_New folder (3)
DSCF2810.JPG,http://206.189.207.206/pictures/mutall/New folder (3)/DSCF2810.JPG,Mutall_New folder (3)
DSCF2811.JPG,http://206.189.207.206/pictures/mutall/New folder (3)/DSCF2811.JPG,Mutall_New folder (3)
DSCF2812.JPG,http://206.189.207.206/pictures/mutall/New folder (3)/DSCF2812.JPG,Mutall_New folder (3)
DSCF2813.JPG,http://206.189.207.206/pictures/mutall/New folder (3)/DSCF2813.JPG,Mutall_New folder (3)
DSCF2814.JPG,http://206.189.207.206/pictures/mutall/New folder (3)/DSCF2814.JPG,Mutall_New folder (3)
DSCF2815.JPG,http://206.189.207.206/pictures/mutall/New folder (3)/DSCF2815.JPG,Mutall_New folder (3)
DSCF2816.JPG,http://206.189.207.206/pictures/mutall/New folder (3)/DSCF2816.JPG,Mutall_New folder (3)
DSCF2817.JPG,http://206.189.207.206/pictures/mutall/New folder (3)/DSCF2817.JPG,Mutall_New folder (3)
DSCF2818.JPG,http://206.189.207.206/pictures/mutall/New folder (3)/DSCF2818.JPG,Mutall_New folder (3)
DSCF2819.JPG,http://206.189.207.206/pictures/mutall/New folder (3)/DSCF2819.JPG,Mutall_New folder (3)
DSCF2820.JPG,http://206.189.207.206/pictures/mutall/New folder (3)/DSCF2820.JPG,Mutall_New folder (3)
DSCF2821.JPG,http://206.189.207.206/pictures/mutall/New folder (3)/DSCF2821.JPG,Mutall_New folder (3)
DSCF2822.JPG,http://206.189.207.206/pictures/mutall/New folder (3)/DSCF2822.JPG,Mutall_New folder (3)
DSCF2823.JPG,http://206.189.207.206/pictures/mutall/New folder (3)/DSCF2823.JPG,Mutall_New folder (3)
DSCF2824.JPG,http://206.189.207.206/pictures/mutall/New folder (3)/DSCF2824.JPG,Mutall_New folder (3)
DSCF2825.JPG,http://206.189.207.206/pictures/mutall/New folder (3)/DSCF2825.JPG,Mutall_New folder (3)
DSCF2826.JPG,http://206.189.207.206/pictures/mutall/New folder (3)/DSCF2826.JPG,Mutall_New folder (3)
DSCF2827.JPG,http://206.189.207.206/pictures/mutall/New folder (3)/DSCF2827.JPG,Mutall_New folder (3)
DSCF2828.JPG,http://206.189.207.206/pictures/mutall/New folder (3)/DSCF2828.JPG,Mutall_New folder (3)
DSCF2829.JPG,http://206.189.207.206/pictures/mutall/New folder (3)/DSCF2829.JPG,Mutall_New folder (3)
DSCF2830.JPG,http://206.189.207.206/pictures/mutall/New folder (3)/DSCF2830.JPG,Mutall_New folder (3)
DSCF2831.JPG,http://206.189.207.206/pictures/mutall/New folder (3)/DSCF2831.JPG,Mutall_New folder (3)
DSCF2832.JPG,http://206.189.207.206/pictures/mutall/New folder (3)/DSCF2832.JPG,Mutall_New folder (3)
DSCF2833.JPG,http://206.189.207.206/pictures/mutall/New folder (3)/DSCF2833.JPG,Mutall_New folder (3)
DSCF2834.JPG,http://206.189.207.206/pictures/mutall/New folder (3)/DSCF2834.JPG,Mutall_New folder (3)
DSCF2835.JPG,http://206.189.207.206/pictures/mutall/New folder (3)/DSCF2835.JPG,Mutall_New folder (3)
DSCF2836.JPG,http://206.189.207.206/pictures/mutall/New folder (3)/DSCF2836.JPG,Mutall_New folder (3)
DSCF2837.JPG,http://206.189.207.206/pictures/mutall/New folder (3)/DSCF2837.JPG,Mutall_New folder (3)
DSCF2838.JPG,http://206.189.207.206/pictures/mutall/New folder (3)/DSCF2838.JPG,Mutall_New folder (3)
DSCF2839.JPG,http://206.189.207.206/pictures/mutall/New folder (3)/DSCF2839.JPG,Mutall_New folder (3)
DSCF2840.JPG,http://206.189.207.206/pictures/mutall/New folder (3)/DSCF2840.JPG,Mutall_New folder (3)
DSCF2841.JPG,http://206.189.207.206/pictures/mutall/New folder (3)/DSCF2841.JPG,Mutall_New folder (3)
DSCF2842.JPG,http://206.189.207.206/pictures/mutall/New folder (3)/DSCF2842.JPG,Mutall_New folder (3)
DSCF2843.JPG,http://206.189.207.206/pictures/mutall/New folder (3)/DSCF2843.JPG,Mutall_New folder (3)
DSCF2844.JPG,http://206.189.207.206/pictures/mutall/New folder (3)/DSCF2844.JPG,Mutall_New folder (3)
DSCF2845.JPG,http://206.189.207.206/pictures/mutall/New folder (3)/DSCF2845.JPG,Mutall_New folder (3)
DSCF2846.JPG,http://206.189.207.206/pictures/mutall/New folder (3)/DSCF2846.JPG,Mutall_New folder (3)
DSCF2847.JPG,http://206.189.207.206/pictures/mutall/New folder (3)/DSCF2847.JPG,Mutall_New folder (3)
DSCF2848.JPG,http://206.189.207.206/pictures/mutall/New folder (3)/DSCF2848.JPG,Mutall_New folder (3)
DSCF2849.JPG,http://206.189.207.206/pictures/mutall/New folder (3)/DSCF2849.JPG,Mutall_New folder (3)
DSCF2850.JPG,http://206.189.207.206/pictures/mutall/New folder (3)/DSCF2850.JPG,Mutall_New folder (3)
DSCF2851.JPG,http://206.189.207.206/pictures/mutall/New folder (3)/DSCF2851.JPG,Mutall_New folder (3)
DSCF2852.JPG,http://206.189.207.206/pictures/mutall/New folder (3)/DSCF2852.JPG,Mutall_New folder (3)
DSCF2853.JPG,http://206.189.207.206/pictures/mutall/New folder (3)/DSCF2853.JPG,Mutall_New folder (3)
DSCF2854.JPG,http://206.189.207.206/pictures/mutall/New folder (3)/DSCF2854.JPG,Mutall_New folder (3)
DSCF2855.JPG,http://206.189.207.206/pictures/mutall/New folder (4)/DSCF2855.JPG,Mutall_New folder (4)
DSCF2856.JPG,http://206.189.207.206/pictures/mutall/New folder (4)/DSCF2856.JPG,Mutall_New folder (4)
DSCF2857.JPG,http://206.189.207.206/pictures/mutall/New folder (4)/DSCF2857.JPG,Mutall_New folder (4)
DSCF2858.JPG,http://206.189.207.206/pictures/mutall/New folder (4)/DSCF2858.JPG,Mutall_New folder (4)
DSCF2859.JPG,http://206.189.207.206/pictures/mutall/New folder (4)/DSCF2859.JPG,Mutall_New folder (4)
DSCF2860.JPG,http://206.189.207.206/pictures/mutall/New folder (4)/DSCF2860.JPG,Mutall_New folder (4)
DSCF2861.JPG,http://206.189.207.206/pictures/mutall/New folder (4)/DSCF2861.JPG,Mutall_New folder (4)
DSCF2862.JPG,http://206.189.207.206/pictures/mutall/New folder (4)/DSCF2862.JPG,Mutall_New folder (4)
DSCF2863.JPG,http://206.189.207.206/pictures/mutall/New folder (4)/DSCF2863.JPG,Mutall_New folder (4)
DSCF2864.JPG,http://206.189.207.206/pictures/mutall/New folder (4)/DSCF2864.JPG,Mutall_New folder (4)
DSCF2865.JPG,http://206.189.207.206/pictures/mutall/New folder (4)/DSCF2865.JPG,Mutall_New folder (4)
DSCF2866.JPG,http://206.189.207.206/pictures/mutall/New folder (4)/DSCF2866.JPG,Mutall_New folder (4)
DSCF2867.JPG,http://206.189.207.206/pictures/mutall/New folder (4)/DSCF2867.JPG,Mutall_New folder (4)
DSCF2868.JPG,http://206.189.207.206/pictures/mutall/New folder (4)/DSCF2868.JPG,Mutall_New folder (4)
DSCF2869.JPG,http://206.189.207.206/pictures/mutall/New folder (4)/DSCF2869.JPG,Mutall_New folder (4)
DSCF2870.JPG,http://206.189.207.206/pictures/mutall/New folder (4)/DSCF2870.JPG,Mutall_New folder (4)
DSCF2871.JPG,http://206.189.207.206/pictures/mutall/New folder (4)/DSCF2871.JPG,Mutall_New folder (4)
DSCF2872.JPG,http://206.189.207.206/pictures/mutall/New folder (4)/DSCF2872.JPG,Mutall_New folder (4)
DSCF2873.JPG,http://206.189.207.206/pictures/mutall/New folder (4)/DSCF2873.JPG,Mutall_New folder (4)
DSCF2874.JPG,http://206.189.207.206/pictures/mutall/New folder (4)/DSCF2874.JPG,Mutall_New folder (4)
DSCF2875.JPG,http://206.189.207.206/pictures/mutall/New folder (4)/DSCF2875.JPG,Mutall_New folder (4)
DSCF2876.JPG,http://206.189.207.206/pictures/mutall/New folder (4)/DSCF2876.JPG,Mutall_New folder (4)
DSCF2877.JPG,http://206.189.207.206/pictures/mutall/New folder (4)/DSCF2877.JPG,Mutall_New folder (4)
DSCF2878.JPG,http://206.189.207.206/pictures/mutall/New folder (4)/DSCF2878.JPG,Mutall_New folder (4)
DSCF2879.JPG,http://206.189.207.206/pictures/mutall/New folder (4)/DSCF2879.JPG,Mutall_New folder (4)
DSCF2880.JPG,http://206.189.207.206/pictures/mutall/New folder (4)/DSCF2880.JPG,Mutall_New folder (4)
DSCF2881.JPG,http://206.189.207.206/pictures/mutall/New folder (4)/DSCF2881.JPG,Mutall_New folder (4)
DSCF2882.JPG,http://206.189.207.206/pictures/mutall/New folder (4)/DSCF2882.JPG,Mutall_New folder (4)
DSCF2883.JPG,http://206.189.207.206/pictures/mutall/New folder (4)/DSCF2883.JPG,Mutall_New folder (4)
DSCF2884.JPG,http://206.189.207.206/pictures/mutall/New folder (4)/DSCF2884.JPG,Mutall_New folder (4)
DSCF2885.JPG,http://206.189.207.206/pictures/mutall/New folder (4)/DSCF2885.JPG,Mutall_New folder (4)
DSCF2886.JPG,http://206.189.207.206/pictures/mutall/New folder (4)/DSCF2886.JPG,Mutall_New folder (4)
DSCF2887.JPG,http://206.189.207.206/pictures/mutall/New folder (4)/DSCF2887.JPG,Mutall_New folder (4)
DSCF2897.JPG,http://206.189.207.206/pictures/mutall/New folder (4)/DSCF2897.JPG,Mutall_New folder (4)
DSCF2898.JPG,http://206.189.207.206/pictures/mutall/New folder (4)/DSCF2898.JPG,Mutall_New folder (4)
DSCF2899.JPG,http://206.189.207.206/pictures/mutall/New folder (4)/DSCF2899.JPG,Mutall_New folder (4)
DSCF2900.JPG,http://206.189.207.206/pictures/mutall/New folder (4)/DSCF2900.JPG,Mutall_New folder (4)
DSCF2901.JPG,http://206.189.207.206/pictures/mutall/New folder (4)/DSCF2901.JPG,Mutall_New folder (4)
DSCF2904.JPG,http://206.189.207.206/pictures/mutall/New folder (4)/DSCF2904.JPG,Mutall_New folder (4)
DSCF2905.JPG,http://206.189.207.206/pictures/mutall/New folder (4)/DSCF2905.JPG,Mutall_New folder (4)
DSCF2906.JPG,http://206.189.207.206/pictures/mutall/New folder (4)/DSCF2906.JPG,Mutall_New folder (4)
DSCF2907.JPG,http://206.189.207.206/pictures/mutall/New folder (4)/DSCF2907.JPG,Mutall_New folder (4)
DSCF2908.JPG,http://206.189.207.206/pictures/mutall/New folder (4)/DSCF2908.JPG,Mutall_New folder (4)
DSCF2909.JPG,http://206.189.207.206/pictures/mutall/New folder (4)/DSCF2909.JPG,Mutall_New folder (4)
DSCF2910.JPG,http://206.189.207.206/pictures/mutall/New folder (4)/DSCF2910.JPG,Mutall_New folder (4)
DSCF2911.JPG,http://206.189.207.206/pictures/mutall/New folder (4)/DSCF2911.JPG,Mutall_New folder (4)
DSCF2912.JPG,http://206.189.207.206/pictures/mutall/New folder (5)/DSCF2912.JPG,Mutall_New folder (5)
DSCF2913.JPG,http://206.189.207.206/pictures/mutall/New folder (5)/DSCF2913.JPG,Mutall_New folder (5)
DSCF2914.JPG,http://206.189.207.206/pictures/mutall/New folder (5)/DSCF2914.JPG,Mutall_New folder (5)
DSCF2915.JPG,http://206.189.207.206/pictures/mutall/New folder (5)/DSCF2915.JPG,Mutall_New folder (5)
DSCF2916.JPG,http://206.189.207.206/pictures/mutall/New folder (5)/DSCF2916.JPG,Mutall_New folder (5)
DSCF2917.JPG,http://206.189.207.206/pictures/mutall/New folder (5)/DSCF2917.JPG,Mutall_New folder (5)
DSCF2918.JPG,http://206.189.207.206/pictures/mutall/New folder (5)/DSCF2918.JPG,Mutall_New folder (5)
DSCF2919.JPG,http://206.189.207.206/pictures/mutall/New folder (5)/DSCF2919.JPG,Mutall_New folder (5)
DSCF2920.JPG,http://206.189.207.206/pictures/mutall/New folder (5)/DSCF2920.JPG,Mutall_New folder (5)
DSCF2921.JPG,http://206.189.207.206/pictures/mutall/New folder (5)/DSCF2921.JPG,Mutall_New folder (5)
DSCF2922.JPG,http://206.189.207.206/pictures/mutall/New folder (5)/DSCF2922.JPG,Mutall_New folder (5)
DSCF2923.JPG,http://206.189.207.206/pictures/mutall/New folder (5)/DSCF2923.JPG,Mutall_New folder (5)
DSCF2924.JPG,http://206.189.207.206/pictures/mutall/New folder (5)/DSCF2924.JPG,Mutall_New folder (5)
DSCF2925.JPG,http://206.189.207.206/pictures/mutall/New folder (5)/DSCF2925.JPG,Mutall_New folder (5)
DSCF2926.JPG,http://206.189.207.206/pictures/mutall/New folder (5)/DSCF2926.JPG,Mutall_New folder (5)
DSCF2927.JPG,http://206.189.207.206/pictures/mutall/New folder (5)/DSCF2927.JPG,Mutall_New folder (5)
DSCF2928.JPG,http://206.189.207.206/pictures/mutall/New folder (5)/DSCF2928.JPG,Mutall_New folder (5)
DSCF2929.JPG,http://206.189.207.206/pictures/mutall/New folder (5)/DSCF2929.JPG,Mutall_New folder (5)
IMG_20161005_141202.jpg,http://206.189.207.206/pictures/mutall/New folder (5)/IMG_20161005_141202.jpg,Mutall_New folder (5)
IMG_20161005_141307.jpg,http://206.189.207.206/pictures/mutall/New folder (5)/IMG_20161005_141307.jpg,Mutall_New folder (5)
IMG_20161005_141455.jpg,http://206.189.207.206/pictures/mutall/New folder (5)/IMG_20161005_141455.jpg,Mutall_New folder (5)
IMG_20161005_141645.jpg,http://206.189.207.206/pictures/mutall/New folder (5)/IMG_20161005_141645.jpg,Mutall_New folder (5)
S0012282.JPG,http://206.189.207.206/pictures/mutall/New folder (5)/S0012282.JPG,Mutall_New folder (5)
26a1.png,http://206.189.207.206/pictures/mtop/New folder/26a1.png,Mtop_New folder
Lake_Nakuru.jpg,http://206.189.207.206/pictures/mtop/New folder/Lake_Nakuru.jpg,Mtop_New folder
angama-mara4.jpg,http://206.189.207.206/pictures/mtop/New folder/angama-mara4.jpg,Mtop_New folder
balloonsafaris.jpg,http://206.189.207.206/pictures/mtop/New folder/balloonsafaris.jpg,Mtop_New folder
diani2.jpg,http://206.189.207.206/pictures/mtop/New folder/diani2.jpg,Mtop_New folder
kilimanjaro.jpg,http://206.189.207.206/pictures/mtop/New folder/kilimanjaro.jpg,Mtop_New folder
mahali-mzuri-camp.jpg,http://206.189.207.206/pictures/mtop/New folder/mahali-mzuri-camp.jpg,Mtop_New folder
marariver.jpg,http://206.189.207.206/pictures/mtop/New folder/marariver.jpg,Mtop_New folder
mountkenya.jpg,http://206.189.207.206/pictures/mtop/New folder/mountkenya.jpg,Mtop_New folder
serengeti-serena-safari.jpg,http://206.189.207.206/pictures/mtop/New folder/serengeti-serena-safari.jpg,Mtop_New folder
serengeti.jpg,http://206.189.207.206/pictures/mtop/New folder/serengeti.jpg,Mtop_New folder
slider1.jpg,http://206.189.207.206/pictures/mtop/New folder/slider1.jpg,Mtop_New folder
slider3.jpg,http://206.189.207.206/pictures/mtop/New folder/slider3.jpg,Mtop_New folder
slider4.jpg,http://206.189.207.206/pictures/mtop/New folder/slider4.jpg,Mtop_New folder
slider5.jpg,http://206.189.207.206/pictures/mtop/New folder/slider5.jpg,Mtop_New folder
slider6.jpg,http://206.189.207.206/pictures/mtop/New folder/slider6.jpg,Mtop_New folder
DSC03388.JPG,http://206.189.207.206/pictures/mtop/wild_life_photos/antelop/DSC03388.JPG,Mtop_wild_life_photos_antelope
DSC03388.png,http://206.189.207.206/pictures/mtop/wild_life_photos/antelop/DSC03388.png,Mtop_wild_life_photos_antelope
DSC03339.JPG,http://206.189.207.206/pictures/mtop/wild_life_photos/buffalo/DSC03339.JPG,Mtop_wild_life_photos_buffalo
DSC03339.png,http://206.189.207.206/pictures/mtop/wild_life_photos/buffalo/DSC03339.png,Mtop_wild_life_photos_buffalo
DSC03340.JPG,http://206.189.207.206/pictures/mtop/wild_life_photos/buffalo/DSC03340.JPG,Mtop_wild_life_photos_buffalo
DSC03398.JPG,http://206.189.207.206/pictures/mtop/wild_life_photos/buffalo/DSC03398.JPG,Mtop_wild_life_photos_buffalo
DSC03381.JPG,http://206.189.207.206/pictures/mtop/wild_life_photos/cheetah/DSC03381.JPG,Mtop_wild_life_photos_cheetah
DSC03022.JPG,http://206.189.207.206/pictures/mtop/wild_life_photos/elephant/DSC03022.JPG,Mtop_wild_life_photos_elephant
DSC03023.JPG,http://206.189.207.206/pictures/mtop/wild_life_photos/elephant/DSC03023.JPG,Mtop_wild_life_photos_elephant
DSC03023.png,http://206.189.207.206/pictures/mtop/wild_life_photos/elephant/DSC03023.png,Mtop_wild_life_photos_elephant
DSC03024.JPG,http://206.189.207.206/pictures/mtop/wild_life_photos/elephant/DSC03024.JPG,Mtop_wild_life_photos_elephant
DSC03024.png,http://206.189.207.206/pictures/mtop/wild_life_photos/elephant/DSC03024.png,Mtop_wild_life_photos_elephant
DSC03041.JPG,http://206.189.207.206/pictures/mtop/wild_life_photos/elephant/DSC03041.JPG,Mtop_wild_life_photos_elephant
DSC03042.JPG,http://206.189.207.206/pictures/mtop/wild_life_photos/elephant/DSC03042.JPG,Mtop_wild_life_photos_elephant
DSC03043.JPG,http://206.189.207.206/pictures/mtop/wild_life_photos/elephant/DSC03043.JPG,Mtop_wild_life_photos_elephant
DSC03044.JPG,http://206.189.207.206/pictures/mtop/wild_life_photos/elephant/DSC03044.JPG,Mtop_wild_life_photos_elephant
DSC03045.JPG,http://206.189.207.206/pictures/mtop/wild_life_photos/elephant/DSC03045.JPG,Mtop_wild_life_photos_elephant
DSC03046.JPG,http://206.189.207.206/pictures/mtop/wild_life_photos/elephant/DSC03046.JPG,Mtop_wild_life_photos_elephant
DSC03047.JPG,http://206.189.207.206/pictures/mtop/wild_life_photos/elephant/DSC03047.JPG,Mtop_wild_life_photos_elephant
DSC03048.JPG,http://206.189.207.206/pictures/mtop/wild_life_photos/elephant/DSC03048.JPG,Mtop_wild_life_photos_elephant
DSC03051.JPG,http://206.189.207.206/pictures/mtop/wild_life_photos/elephant/DSC03051.JPG,Mtop_wild_life_photos_elephant
DSC03052.JPG,http://206.189.207.206/pictures/mtop/wild_life_photos/elephant/DSC03052.JPG,Mtop_wild_life_photos_elephant
DSC03053.JPG,http://206.189.207.206/pictures/mtop/wild_life_photos/elephant/DSC03053.JPG,Mtop_wild_life_photos_elephant
DSC03357.JPG,http://206.189.207.206/pictures/mtop/wild_life_photos/elephant/DSC03357.JPG,Mtop_wild_life_photos_elephant
DSC03361.JPG,http://206.189.207.206/pictures/mtop/wild_life_photos/girrafe/DSC03361.JPG,Mtop_wild_life_photos_giraffe
DSC03363.JPG,http://206.189.207.206/pictures/mtop/wild_life_photos/girrafe/DSC03363.JPG,Mtop_wild_life_photos_giraffe
DSC03364.JPG,http://206.189.207.206/pictures/mtop/wild_life_photos/girrafe/DSC03364.JPG,Mtop_wild_life_photos_giraffe
DSC03365.JPG,http://206.189.207.206/pictures/mtop/wild_life_photos/girrafe/DSC03365.JPG,Mtop_wild_life_photos_giraffe
DSC03011.JPG,http://206.189.207.206/pictures/mtop/wild_life_photos/kilimanjaro/DSC03011.JPG,Mtop_wild_life_photos_kilimanjaro
DSC03012.JPG,http://206.189.207.206/pictures/mtop/wild_life_photos/kilimanjaro/DSC03012.JPG,Mtop_wild_life_photos_kilimanjaro
DSC03013.JPG,http://206.189.207.206/pictures/mtop/wild_life_photos/kilimanjaro/DSC03013.JPG,Mtop_wild_life_photos_kilimanjaro
DSC03013.png,http://206.189.207.206/pictures/mtop/wild_life_photos/kilimanjaro/DSC03013.png,Mtop_wild_life_photos_kilimanjaro
DSC03014.JPG,http://206.189.207.206/pictures/mtop/wild_life_photos/kilimanjaro/DSC03014.JPG,Mtop_wild_life_photos_kilimanjaro
DSC03015.JPG,http://206.189.207.206/pictures/mtop/wild_life_photos/kilimanjaro/DSC03015.JPG,Mtop_wild_life_photos_kilimanjaro
DSC03016.JPG,http://206.189.207.206/pictures/mtop/wild_life_photos/kilimanjaro/DSC03016.JPG,Mtop_wild_life_photos_kilimanjaro
DSC03017.JPG,http://206.189.207.206/pictures/mtop/wild_life_photos/kilimanjaro/DSC03017.JPG,Mtop_wild_life_photos_kilimanjaro
DSC03018.JPG,http://206.189.207.206/pictures/mtop/wild_life_photos/kilimanjaro/DSC03018.JPG,Mtop_wild_life_photos_kilimanjaro
DSC03019.JPG,http://206.189.207.206/pictures/mtop/wild_life_photos/kilimanjaro/DSC03019.JPG,Mtop_wild_life_photos_kilimanjaro
DSC03021.JPG,http://206.189.207.206/pictures/mtop/wild_life_photos/kilimanjaro/DSC03021.JPG,Mtop_wild_life_photos_kilimanjaro
DSC03049.JPG,http://206.189.207.206/pictures/mtop/wild_life_photos/kilimanjaro/DSC03049.JPG,Mtop_wild_life_photos_kilimanjaro
DSC03050.JPG,http://206.189.207.206/pictures/mtop/wild_life_photos/kilimanjaro/DSC03050.JPG,Mtop_wild_life_photos_kilimanjaro
DSC03009.JPG,http://206.189.207.206/pictures/mtop/wild_life_photos/lanscape/DSC03009.JPG,Mtop_wild_life_photos_landscape
DSC03010.JPG,http://206.189.207.206/pictures/mtop/wild_life_photos/lanscape/DSC03010.JPG,Mtop_wild_life_photos_landscape
DSC03028.JPG,http://206.189.207.206/pictures/mtop/wild_life_photos/lanscape/DSC03028.JPG,Mtop_wild_life_photos_landscape
DSC03347.JPG,http://206.189.207.206/pictures/mtop/wild_life_photos/lanscape/DSC03347.JPG,Mtop_wild_life_photos_landscape
DSC03362.JPG,http://206.189.207.206/pictures/mtop/wild_life_photos/lanscape/DSC03362.JPG,Mtop_wild_life_photos_landscape
DSC03330.JPG,http://206.189.207.206/pictures/mtop/wild_life_photos/lion/DSC03330.JPG,Mtop_wild_life_photos_lion
DSC03331.JPG,http://206.189.207.206/pictures/mtop/wild_life_photos/lion/DSC03331.JPG,Mtop_wild_life_photos_lion
DSC03332.JPG,http://206.189.207.206/pictures/mtop/wild_life_photos/lion/DSC03332.JPG,Mtop_wild_life_photos_lion
DSC03333.JPG,http://206.189.207.206/pictures/mtop/wild_life_photos/lion/DSC03333.JPG,Mtop_wild_life_photos_lion
DSC03334.JPG,http://206.189.207.206/pictures/mtop/wild_life_photos/lion/DSC03334.JPG,Mtop_wild_life_photos_lion
DSC03335.JPG,http://206.189.207.206/pictures/mtop/wild_life_photos/lion/DSC03335.JPG,Mtop_wild_life_photos_lion
DSC03336.JPG,http://206.189.207.206/pictures/mtop/wild_life_photos/lion/DSC03336.JPG,Mtop_wild_life_photos_lion
DSC03337.JPG,http://206.189.207.206/pictures/mtop/wild_life_photos/lion/DSC03337.JPG,Mtop_wild_life_photos_lion
DSC03338.JPG,http://206.189.207.206/pictures/mtop/wild_life_photos/lion/DSC03338.JPG,Mtop_wild_life_photos_lion
DSC03341.JPG,http://206.189.207.206/pictures/mtop/wild_life_photos/lion/DSC03341.JPG,Mtop_wild_life_photos_lion
DSC03342.JPG,http://206.189.207.206/pictures/mtop/wild_life_photos/lion/DSC03341.JPG,Mtop_wild_life_photos_lion
